,A,B,C,D
2000-01-01,0.133786779945,-1.04635582186,0.536835868974,-0.961015000883
2000-01-02,1.24935797365,-1.27640334086,0.729936586014,1.1023398929
2000-01-03,-0.425536368585,-0.0219462262094,-0.419106830383,1.01315695053
2000-01-04,-0.403950742036,0.0252720367361,-1.17187748597,1.62265885851
2000-01-05,0.144062682012,0.695351671137,-0.235651130676,-1.71735911203
2000-01-06,1.4712044021,-0.577881397071,-0.969164834595,-0.718795638628
2000-01-07,1.06871889355,0.44693629272,0.71283471826,-0.666188396658
2000-01-08,-0.75918185142,-1.13074834195,-1.04963840505,1.2852573398
2000-01-09,-0.535007314572,0.671260985466,-0.116428361996,0.57290515342
2000-01-10,0.335114737327,-1.4824147724,0.835641123782,1.26775021297
2000-01-11,-0.171988176069,-0.931329489531,0.779546968113,-0.0531363520216
2000-01-12,-1.09421340656,-1.10549570922,-0.867244826743,-0.710934734282
2000-01-13,-1.70249678944,0.900128871189,0.348569458873,0.191573645294
2000-01-14,-0.0414320528534,0.877852270557,-0.559160606651,-1.23627358718
2000-01-15,-1.30094757614,0.845263479141,-0.84732106384,-0.517935766056
2000-01-16,0.16784861634,0.968548607086,-0.324976187232,0.275757907351
2000-01-17,0.336486213062,0.604969133716,0.737563115135,-0.248924975072
2000-01-18,0.709232797557,0.519451476438,-0.0220492235046,-1.44877582439
2000-01-19,-0.670931146074,-0.32461468923,-0.676346088552,-0.527181309839
2000-01-20,0.350835316076,-0.0684516068474,0.938310306131,-1.1767543328
2000-01-21,1.0475882573,-1.37332274871,0.267494141549,-0.380362153613
2000-01-22,0.682902813303,2.1900334357,0.559593164345,0.440932577079
2000-01-23,2.35330914573,-0.665133342754,-0.837555612004,0.0752260657626
2000-01-24,-0.187958311081,-0.577287941905,-0.987755564108,-1.01816956765
2000-01-25,-1.95551435844,0.580669705137,0.265842630871,-1.01110803985
2000-01-26,0.267170569453,-0.523045749915,1.03813512147,-0.594086141327
2000-01-27,-0.486219295745,0.0162198147663,0.538088068009,-0.125191676795
2000-01-28,-1.28375472757,-0.575802681104,-0.838725144366,-0.338703142386
2000-01-29,-1.98697646943,0.121102912823,0.505123767648,-0.278784145809
2000-01-30,0.801275334965,-2.61241478756,1.02097073237,-0.95969944333
2000-01-31,0.977099498681,-1.18170061679,0.505677913811,-0.565758571437
2000-02-01,-2.49077264627,-1.84538137298,0.0318704821088,-0.722440342695
2000-02-02,-0.185383655211,0.364951365781,0.690473295623,0.547171131713
2000-02-03,-1.44841804314,0.301533971557,0.0886821941621,-0.384355292399
2000-02-04,0.119009441571,0.104745654052,-1.30203772256,1.01944679978
2000-02-05,0.688928440022,-0.104902741611,-0.115506197578,0.480649371508
2000-02-06,0.1877136594,-0.164734668669,-0.794680590977,0.631397400713
2000-02-07,1.51060241059,0.265197644694,0.529336792149,1.87637873258
2000-02-08,0.892804286791,1.35871407959,0.95270918567,0.289263486552
2000-02-09,-0.275653406812,1.48716680018,0.73030658204,0.634897468539
2000-02-10,-0.468683941755,0.895644163437,-1.36388547082,0.786923794766
2000-02-11,-0.283920929578,-0.703256527373,0.320152008113,1.08217244733
2000-02-12,-0.829638698101,-0.738692594765,1.79811685513,0.351844711771
2000-02-13,-0.266155154446,-2.13363460539,0.481137800669,-0.599779472167
2000-02-14,0.348903767724,-0.2144213669,-1.14507130558,1.0974034617
2000-02-15,-0.0319200603785,-0.345698812246,-1.10952437505,-0.723378958708
2000-02-16,0.103817217083,1.24290038577,0.148526902864,-0.0960010871109
2000-02-17,1.15418196068,-2.79220259272,-0.135604281012,-0.228587899537
2000-02-18,0.948290114972,0.358372931357,1.15589336221,0.189437802056
2000-02-19,-0.90752055856,0.249316223055,-1.67697641071,-1.24336499745
2000-02-20,0.801212071859,-0.493061638612,0.643849427315,-1.89751208211
2000-02-21,-1.2965895074,0.0425132756241,-1.11065162794,0.316230431153
2000-02-22,-0.457539406142,0.909575179254,0.0699446033341,-1.3664124408
2000-02-23,0.792355230851,0.255441094823,0.459023187124,-0.233631668631
2000-02-24,-0.484841295535,-1.17857914152,-0.934105498681,-0.172073301239
2000-02-25,0.405393144818,0.546455278916,0.703305925108,1.01150510143
2000-02-26,0.550749077999,-0.0668935638222,0.502072595706,-0.382203072872
2000-02-27,1.15545566901,-2.22124445843,-0.797090795838,-0.709319324582
2000-02-28,-0.0854863231292,-0.530958701222,0.668518675133,-0.67213876043
2000-02-29,0.866205044775,-1.19345260606,-0.946705521858,-0.619920790671
2000-03-01,-1.02620512872,-0.384766797406,0.453897291735,-0.0868488368017
2000-03-02,1.1407542966,0.989309980395,0.844319070739,0.434073036075
2000-03-03,-0.00775961638955,-0.252270632093,0.282358096583,-0.305002509877
2000-03-04,0.367918501765,-0.252938289804,-0.537744196454,-0.662310679316
2000-03-05,-0.463630018437,1.29116756672,-0.955105603032,-0.758540271429
2000-03-06,-0.841436039606,-0.743086097025,0.918342093308,0.275276414421
2000-03-07,-0.64869332283,1.2138844565,1.69218247378,0.595632548458
2000-03-08,0.2695703933,-0.789247303473,-0.289154004056,-0.992200351434
2000-03-09,0.0377325065357,-0.74208851771,1.04830465053,-0.543587705337
2000-03-10,-1.21723487994,-1.47703294741,-0.451190388456,-0.569759230949
2000-03-11,-0.912994695604,0.337730441069,0.664728724801,-0.757232584364
2000-03-12,0.796195694089,0.430548063822,-1.45718377025,0.28661454613
2000-03-13,-0.866439449439,-1.54553532952,-1.69399398254,0.507943657197
2000-03-14,-1.34421394683,0.16863013393,0.830677383377,-1.73967235305
2000-03-15,1.12503029773,-0.682911774847,2.1315894962,-1.3964577297
2000-03-16,-1.19756748752,0.858871285293,1.88301661603,-0.267480900256
2000-03-17,0.0171070648616,-0.188252457936,0.689876939115,-0.172597215876
2000-03-18,-0.0829134258382,0.568041928226,-0.0954280215123,-0.00867049086919
2000-03-19,-1.1866696069,-0.862916410193,0.390619631559,-1.28762238474
2000-03-20,0.261162860304,-0.73806545951,0.27961865345,-1.66238883311
2000-03-21,-1.2459674032,0.148024689379,0.6932976743,-0.117493739087
2000-03-22,-1.25842817825,-0.0492405825214,0.465935905153,1.140577327
2000-03-23,0.0715276442358,-1.1985200823,0.105393295622,-0.314325577032
2000-03-24,-1.32928815406,0.0374404661412,-0.431013428437,-0.0418840596412
2000-03-25,1.33525566603,-1.57266349804,1.1209991951,-1.06621456434
2000-03-26,-0.995547131324,0.024475114824,-0.868147934774,1.53181356625
2000-03-27,0.529122035486,-1.46605323654,-0.165057260436,-0.836252195869
2000-03-28,-0.173371853552,-0.119079117748,-0.396082646691,0.566655799833
2000-03-29,-0.256529137611,0.871810887068,0.900303606875,-0.883972613289
2000-03-30,0.476015945373,0.13853894733,0.363262152567,1.63863945146
2000-03-31,0.157292878387,-0.148794533391,-0.757419506584,-1.32866012864
2000-04-01,0.0608367421804,-0.432679641761,-0.31411762742,-1.02159867488
2000-04-02,0.0786828243239,-0.0955789337446,0.183024145162,-0.812718993917
2000-04-03,-1.8057807259,-0.654949418615,2.3523902469,-1.46109956766
2000-04-04,0.423771541407,0.264625667127,-0.736071911342,-0.602735504157
2000-04-05,-0.216955742906,0.14691963087,-0.173715930542,2.10418735053
2000-04-06,-0.746755959775,-0.441360167358,2.0563496943,0.261813132846
2000-04-07,-2.54690058186,-0.222890144172,-1.23742227276,3.01152350675
2000-04-08,-0.689357824432,0.826094841626,-1.8070080986,2.0851037132
2000-04-09,1.11371198855,0.292733917392,0.725083259602,-1.00287528252
2000-04-10,1.17831984542,0.893569693346,1.46824148508,-0.248061734447
2000-04-11,0.854521366567,-1.00755226506,-2.23920953468,0.153064033313
2000-04-12,1.17822010698,0.919453203397,0.0958929710497,-1.4111350369
2000-04-13,-0.36878899009,0.390408452797,-0.95551581928,0.422100093595
2000-04-14,-2.14160243359,-2.89416000967,0.488593659871,-1.35500527707
2000-04-15,1.40929652852,1.06196412445,1.42316114931,0.379689563456
2000-04-16,-0.860051978197,1.18269983787,-0.313921715248,0.385498829319
2000-04-17,-0.700446821135,0.481011907748,-1.72340776945,0.0225957728576
2000-04-18,-0.373822467495,-0.119380796569,-0.0423452635928,1.59528897962
2000-04-19,0.16183737844,-0.240493210524,0.941350449175,2.11483904502
2000-04-20,0.529623539574,0.33764545693,-0.479416695665,0.644698136962
2000-04-21,0.721605438093,-1.03573988663,-0.647016533266,-0.724872287708
2000-04-22,1.91649573405,0.693223648809,1.45134259787,-0.314260431472
2000-04-23,0.83927464878,0.84676490571,-1.0419181765,0.717390781979
2000-04-24,0.636042751218,0.762270220832,1.97437964567,0.0258705955224
2000-04-25,-0.0716771004707,-0.346133366654,-1.41654611269,-0.567221755198
2000-04-26,0.869899116392,-0.64643578108,0.186235317018,-0.696007936273
2000-04-27,2.26110111604,0.459946707904,-0.359956256705,0.393619719357
2000-04-28,0.478653833722,-1.84950349536,-0.0936025063466,0.474360020839
2000-04-29,0.00989208828927,-0.0246613014032,0.65130627209,0.0045109744675
2000-04-30,-0.790077791249,0.703760643415,1.74788583909,-0.0416214124634
2000-05-01,0.358190797894,-0.857637098534,1.98699682904,1.83496333257
2000-05-02,-0.879118714593,0.0300946300215,-0.837603329425,-1.30602435251
2000-05-03,0.0778995249615,-0.55406708649,0.579672221403,0.831634841853
2000-05-04,-0.920640369313,-0.623091632226,-0.651195529994,1.42563894314
2000-05-05,-0.937756250025,1.06169789725,0.510462424691,-0.980051460043
2000-05-06,-0.305282792684,0.0860771944238,0.681446696405,0.189275124387
2000-05-07,-2.73826092365,-1.37288831974,0.864458680878,-0.0163347637087
2000-05-08,-0.493199085951,-0.398612168198,-1.01430629685,0.025175428481
2000-05-09,-0.203506176893,0.55692624923,-0.325505445136,0.132494534508
2000-05-10,0.902539821773,0.217702248086,1.14529992221,1.78177101562
2000-05-11,-0.586797405232,1.0437991244,-1.58348782697,-0.524013699069
2000-05-12,1.26494876174,-0.869391477445,-0.369553658228,-1.60104277836
2000-05-13,0.188215383088,1.18057422933,0.454290176767,-0.442212855276
2000-05-14,-0.147180852526,-0.458495086534,-2.11474610586,-0.216207058781
2000-05-15,-0.758933304905,0.862426552537,0.326499650348,1.41442926532
2000-05-16,0.480101025827,-0.624297456361,1.22644551262,0.886550156107
2000-05-17,1.29183905927,-0.117176853684,1.39669360669,1.38110949439
2000-05-18,-0.102390217361,-0.356312929678,0.822972985534,0.70052788937
2000-05-19,-0.955711950838,0.455217532492,1.89015468706,-0.958861753317
2000-05-20,-0.386444207558,1.42004318468,0.2539805261,-0.111633014909
2000-05-21,-0.434197703846,0.037031424663,0.843744123367,1.0274815485
2000-05-22,1.1993136378,0.895121421061,0.686922047293,-0.635563105383
2000-05-23,0.0648326960506,-0.808122326416,-0.115282097982,0.290568312582
2000-05-24,-0.42065344803,-0.131895634083,-0.81219104368,-0.117468807779
2000-05-25,-1.12748714362,-1.30474889153,0.280162550265,-0.903776331661
2000-05-26,0.59975804432,-0.438059959667,-0.598024369001,-0.157272419037
2000-05-27,-0.569178153666,0.3329958233,1.45884750342,1.20753214515
2000-05-28,-0.633796726057,-0.687374039088,0.787772681912,2.12907546646
2000-05-29,2.25535161443,0.728420013276,-0.329955103581,0.0384121733969
2000-05-30,-0.395784729657,1.53961511582,-1.73347794566,1.99766930638
2000-05-31,-1.19109385293,0.0996609793588,-0.824839858107,-0.0456565016624
2000-06-01,2.3128967774,1.97414875205,-0.489989191329,-0.482006587591
2000-06-02,-0.41246885009,-1.25385167989,0.754279547859,-1.79884040497
2000-06-03,-1.73810846338,0.806592729298,0.191217135345,0.946100269053
2000-06-04,-0.217501961406,-0.0549085939347,2.07648323001,-1.31817691515
2000-06-05,0.958032563185,-0.912468738174,-0.505403075053,-1.458729564
2000-06-06,0.382676458216,1.59960029025,0.850201388263,0.351030580789
2000-06-07,-0.0533545113875,0.451645548444,1.08816427787,-1.00412626909
2000-06-08,1.60375801316,-0.725624899101,-0.733022151849,-0.92344799949
2000-06-09,-0.00424740740848,-0.685286495611,-1.60715043445,0.580033323764
2000-06-10,-1.36685698016,1.72635946026,-0.147060674998,-1.28912639751
2000-06-11,-0.493919955197,0.393681893483,0.695818034184,1.01463150049
2000-06-12,-0.190355855678,-0.569712314621,-1.55930641699,-0.506482063481
2000-06-13,-0.329666802464,0.473171076906,-1.65087151104,-0.200579573677
2000-06-14,0.465199929982,-0.901613693793,0.373540694401,-1.12101250372
2000-06-15,-1.76766309081,1.40726572021,-0.153031757717,-1.45963002702
2000-06-16,0.655119616415,0.220166032598,-1.64316230946,1.20265248623
2000-06-17,1.00181046966,-1.29146597521,-0.592752534242,0.242539380911
2000-06-18,-1.2289445258,0.382442401849,0.437943617191,-0.327116568602
2000-06-19,1.01614278919,-0.954780677111,-1.47118287948,0.648149766712
2000-06-20,-0.374446576146,1.28546230815,-0.323075554254,-2.32440229514
2000-06-21,-0.252719033344,-0.230730007613,1.36243552818,-0.200908450622
2000-06-22,-1.17273178926,-0.167273010314,0.226096972822,-0.0912560693191
2000-06-23,1.89840324102,0.948551026148,2.21903464152,1.27787237283
2000-06-24,0.617959402915,-0.0251369566435,-0.0630469544279,-0.056002689242
2000-06-25,1.53952196151,-0.346720794849,-0.481896093848,0.164885626964
2000-06-26,1.15903859518,-0.155726978232,-2.32120257451,-0.0111366941342
2000-06-27,1.4195591918,-0.671528957267,0.967985155648,-1.396434275
2000-06-28,0.591802860676,-1.5747587108,-0.201143380652,0.628102496383
2000-06-29,-1.8753163983,0.312053400632,1.58976517019,-1.90897387587
2000-06-30,0.566079177959,0.298466677106,-0.55845326533,1.50912735017
2000-07-01,-0.273899285205,-0.162808286655,0.542653290399,-0.218338904114
2000-07-02,0.151010309477,0.388364955196,-0.659293904479,1.11180554433
2000-07-03,-1.31489573482,-0.812605948921,-2.27644160838,2.12615589469
2000-07-04,0.483937191328,0.471361867286,0.600388780228,1.83048038786
2000-07-05,0.0745874009247,1.42636140912,-0.418754855872,-0.969060651885
2000-07-06,1.33874147704,0.45536598527,-0.300369303038,1.46084085248
2000-07-07,-0.195299687936,0.0628634119606,0.452189617259,-1.2597135588
2000-07-08,-0.645576367379,0.420940606115,-0.99390733456,0.925520248116
2000-07-09,0.967227859994,-0.0649419496765,0.87522733036,0.796297472672
2000-07-10,0.0658982070971,0.404896372601,-1.20612532236,0.456571583293
2000-07-11,1.99018480609,0.893788662396,-0.696592896865,0.668965677144
2000-07-12,1.13629121501,1.06756962461,0.922746941819,0.920516301744
2000-07-13,0.0556845834852,-0.0296574921207,-0.591457287209,-1.57513624871
2000-07-14,0.167333662651,-1.25317205358,-1.41969930914,0.556315881916
2000-07-15,1.51729157733,-0.291284658248,-0.296781934023,-0.507011160457
2000-07-16,-0.629533574443,-0.0194346477867,-0.604018095411,-0.545039466208
2000-07-17,0.372915912399,-0.196039728133,-0.0625948637938,0.91871295999
2000-07-18,0.393911191407,-0.303726491783,0.654049577816,0.278159548299
2000-07-19,-0.703682352279,0.706574967534,1.45627283442,-0.243809097858
2000-07-20,-1.15760232357,-1.27923777509,-1.76005848391,-0.836151911289
2000-07-21,-1.39239897953,-0.913158506682,-0.0552892397329,1.0155050605
2000-07-22,-0.175656761093,-0.419859468621,-0.290685157979,-0.257808419854
2000-07-23,1.09415135663,0.202318387014,-0.509086601056,0.550048496563
2000-07-24,-0.161632312525,-0.975684546915,-1.64012071998,-1.088787082
2000-07-25,1.68006822151,1.91523285578,0.550524205125,0.972482361352
2000-07-26,-0.195216340838,0.446389583343,0.678666318368,1.35726185847
2000-07-27,-0.454309444636,0.392493584157,-0.252669418465,0.0443422850909
2000-07-28,-1.59176856363,0.437316927564,0.884261156132,-1.95534279994
2000-07-29,0.409459591804,0.912910471055,-0.0923854684002,0.82981155947
2000-07-30,0.273443685076,0.493772585192,0.302736072192,-1.60541062451
2000-07-31,0.433023818701,0.110820677978,0.593834192341,0.900471840747
2000-08-01,-0.340045906216,-1.62685581266,1.14134321624,-0.0602558018338
2000-08-02,0.592796005444,-0.0566303511975,-0.418180755146,-0.611539593836
2000-08-03,-0.755810010305,-0.331739589619,0.390402065502,1.13509089296
2000-08-04,-0.62503553147,-0.293785082646,-1.1297046865,0.959723214288
2000-08-05,0.224215598146,-1.55466825386,-0.560901640121,1.81903022541
2000-08-06,0.628741426765,-0.331813392435,1.42230118354,-2.85129686429
2000-08-07,0.457076134044,-1.08763520609,2.00254103972,1.27349726536
2000-08-08,0.273763256991,0.530091788652,-1.18945839704,-0.444360565421
2000-08-09,0.170028596598,-1.30300774808,0.162612054912,1.68046829442
2000-08-10,-0.505692732894,-0.0567319481501,-0.531308720355,-0.186745409625
2000-08-11,-0.974724472456,-1.22007641264,1.35830338012,0.282509224242
2000-08-12,1.30743664799,0.373499708921,-1.11776361104,0.334965605507
2000-08-13,1.14082304943,0.222209598698,1.98981725715,-0.627976871212
2000-08-14,0.232868078539,0.0657471976859,0.799397701258,-1.45755960042
2000-08-15,0.968656464843,-1.3374330513,-1.46203490363,-1.37237615886
2000-08-16,0.744326564005,0.172860947793,0.707300240665,1.45981618509
2000-08-17,-0.117064611041,1.00660505026,-0.129548168868,0.303545823756
2000-08-18,-0.925482873135,2.34473847184,2.13674856527,0.323009144572
2000-08-19,-0.606435419658,-1.29796242811,0.850460441305,-0.234504853313
2000-08-20,-1.61493557777,-0.570176231768,0.0808518278082,-0.359233833467
2000-08-21,-0.527539052811,0.465778647806,0.703709846739,-0.0590184430071
2000-08-22,0.00354025538845,-0.947234900764,0.602749021337,-1.13251818181
2000-08-23,-1.39094411908,-1.1999720361,-0.276958012525,-0.0162938626917
2000-08-24,1.18851635666,-0.603836847663,-0.987283610495,-0.941076847073
2000-08-25,-0.649128859743,1.22090066344,1.13454145479,-0.471728737976
2000-08-26,0.0799378827395,-0.620375667207,0.892549034398,0.396149790857
2000-08-27,1.89376688531,-0.276915168463,1.49984665351,0.735917903448
2000-08-28,-0.51707853167,-0.0374465792924,1.28092054986,1.65382155446
2000-08-29,-1.21052985533,-0.0499101304393,-1.39156307532,-0.258706335075
2000-08-30,-0.921780853744,0.757652057186,1.4177066643,0.343398645336
2000-08-31,0.526838485437,-1.01005024933,-0.972195976873,-0.60839982062
2000-09-01,0.999431303847,1.93204512236,-0.230936838514,0.331448505725
2000-09-02,1.02607187296,0.174189433997,-1.21398874695,1.08217802424
2000-09-03,-0.171996090176,0.487262216241,1.14694530377,-0.735779637863
2000-09-04,-1.28956811284,-0.309222203602,-0.842760835189,0.259809990547
2000-09-05,-0.215724654421,0.534675177953,-0.314060088332,-0.526996568764
2000-09-06,0.520267926678,0.97640720915,-0.669026087754,-0.690409707472
2000-09-07,-0.608891721088,0.211247907336,0.625100973467,-1.17987361161
2000-09-08,-0.404765109378,0.116421511015,2.16558655202,-0.228343388903
2000-09-09,0.0395227634978,0.182510517343,0.262077194449,1.50054112925
2000-09-10,-0.799485374638,0.821341619917,-0.859324023641,-0.649659273707
2000-09-11,1.07237389464,-0.377495165571,0.877857899468,1.34915840318
2000-09-12,0.429450223123,0.280544331988,-0.750562723855,1.53094765547
2000-09-13,1.05525797271,-1.73162933664,1.17051056222,0.10057093316
2000-09-14,0.354426854415,-0.249185881964,0.87865287013,0.642300019314
2000-09-15,2.02845416825,0.469207768225,-1.04234421791,1.44577822744
2000-09-16,-1.38179022758,0.440912170431,-0.600557208593,-0.0297412040921
2000-09-17,-1.05810065065,-0.0427492927745,0.766209203343,0.571692907634
2000-09-18,-0.719421027166,-2.39532549549,0.477327041663,-0.00799959802881
2000-09-19,-0.00994009784676,0.813066439767,-0.309275864356,-1.91969630865
2000-09-20,-0.653404560582,-0.341251539727,-0.00952446120281,1.80635167214
2000-09-21,0.701685698034,0.750996580027,-0.440602078562,-1.07083812855
2000-09-22,1.42125524178,0.166819014247,-0.29835580381,1.55083497838
2000-09-23,0.711219946691,-0.399361629969,0.921889833239,0.592296091183
2000-09-24,-0.0335901637527,-2.27766118784,-1.17976973496,0.59604983757
2000-09-25,-0.67736267173,-0.59278357162,0.565491932063,-0.130439523781
2000-09-26,0.207086897162,0.16890899169,0.236941965765,-1.38168818113
2000-09-27,-0.857661851524,-1.03440277218,0.454557278021,0.04916015281
2000-09-28,-0.103803914739,-1.17667939716,-0.239837762691,-1.7840853443
2000-09-29,-0.0266237512222,-1.14535930041,-1.6691917001,1.508058619
2000-09-30,-0.669282610936,-1.04497682601,1.08999606345,-0.187618916926
2000-10-01,-1.71361092916,-0.531177512666,0.290531089078,-0.458785351628
2000-10-02,0.121152575394,-0.652400907188,0.267289611459,-0.765084146771
2000-10-03,0.4624537399,0.333765703424,1.4917165945,-1.89051298622
2000-10-04,0.260243454392,-0.231456135888,0.116685864701,-1.08439920239
2000-10-05,0.638145760182,1.08894442018,-1.19159383113,0.697006309825
2000-10-06,-0.139956461213,-0.5417855753,-0.982015852538,0.504669021367
2000-10-07,-0.85467549066,0.70992893566,-0.265910085799,-0.774242240546
2000-10-08,1.39777163919,0.900113510032,0.785419217219,-0.673798981536
2000-10-09,1.11895607316,-2.10907394169,0.152666011373,-1.53157436053
2000-10-10,0.862418660366,1.16002529698,1.30028802111,0.114580470026
2000-10-11,2.81440959103,0.0900123486232,0.502430104662,1.15780129894
2000-10-12,-0.0912086820998,-0.0331051002364,0.388463133914,1.55703627817
2000-10-13,0.350202299032,-1.07144614266,-0.234950296077,-0.693220342933
2000-10-14,0.28018477257,-0.20848313781,-0.575911966265,-0.580437513837
2000-10-15,0.199915344137,0.325242239728,-0.262012369009,0.667363219108
2000-10-16,-0.65575305096,-1.3982608593,0.333025349473,2.11754845368
2000-10-17,0.00441021234486,0.433279298628,-1.36743694641,-1.82032201931
2000-10-18,0.607582749942,-1.5048387768,2.30980712143,0.14464478806
2000-10-19,-1.5930217119,-1.59342151822,0.0827951742826,0.567566341078
2000-10-20,-0.84965576808,2.83478239027,-0.596623907398,-0.150464272014
2000-10-21,-0.355134556586,-0.334455036768,-0.268433486259,0.927312477431
2000-10-22,1.81605149786,0.131231427589,-2.06886288868,-0.201051172928
2000-10-23,0.759088048518,1.2025305581,-0.594290584276,-1.46113290275
2000-10-24,-0.228121487027,0.428736562239,0.322159637502,0.725797735377
2000-10-25,1.22890985538,0.299806512837,-0.183598389017,0.376716093415
2000-10-26,-1.14468977586,-1.06474269158,-0.996683778176,1.2942744814
2000-10-27,-0.438666941587,0.17120039354,-0.0863424607968,-0.316190209881
2000-10-28,-0.340394033281,-0.448433834525,1.22406915957,0.222818936924
2000-10-29,1.28622402449,0.0157746555425,-1.21241745296,0.0586538313243
2000-10-30,-0.522356472067,0.914784349405,-0.429236258299,0.630606703907
2000-10-31,0.63538479727,-0.947999741727,-0.647282550152,0.926528878323
2000-11-01,-0.840704243505,-1.6030552848,0.794955726581,0.175539969246
2000-11-02,0.358820147288,0.483200540871,-0.856724901154,-0.114032214751
2000-11-03,1.99899343034,-0.44834357419,-0.825439960305,-0.96410114469
2000-11-04,-0.59886813618,-0.775717714427,-0.0494768097991,-0.128070610246
2000-11-05,0.432957056489,0.654640230785,0.71321860453,1.78695686317
2000-11-06,-1.0936662214,-0.0121837762185,0.992582493867,1.82158248762
2000-11-07,-0.330940531964,-0.683147360423,2.57524966781,0.466640638868
2000-11-08,0.330557035966,1.38007777772,-1.07194055282,0.752942521261
2000-11-09,-0.0506124076509,-1.11584979715,-0.499073955929,-1.00426111441
2000-11-10,0.334719650716,0.448151922442,-0.709101957943,-0.225927820912
2000-11-11,-0.421456192882,0.591312260757,-0.127565431711,0.485428954326
2000-11-12,0.128686039612,-0.353215980587,-0.389132047683,1.03995722267
2000-11-13,1.91563526192,0.763005582041,-0.043688730798,-0.86441105822
2000-11-14,0.995566053077,-0.832567661789,-0.418624761772,-1.0458108373
2000-11-15,0.228963163968,0.182433916258,0.617057862723,0.0212045659729
2000-11-16,0.281900179763,0.769473139338,0.601441704989,-0.207405033268
2000-11-17,-1.03143312999,-0.391196449967,0.546631928293,-0.539437699497
2000-11-18,0.413628231806,2.17883733874,-2.04712700327,-0.342583900795
2000-11-19,0.213136416281,0.828263470289,2.67038156817,1.08371471515
2000-11-20,-1.73423239589,0.915806845246,0.486014118197,0.650397239419
2000-11-21,-1.44808015434,0.0845116408383,-0.447194020797,-0.683115913338
2000-11-22,-0.778070093932,-0.184662662356,0.620382228757,-0.769081960156
2000-11-23,1.12233510241,0.866152075138,1.2420147012,-0.393593133018
2000-11-24,0.279995253558,0.772359412327,-0.394170218679,-0.568072773233
2000-11-25,-0.807526175071,-0.306765712391,-2.22939986626,0.293029106048
2000-11-26,1.19099926116,-0.61605181085,0.269983500132,0.0882520298946
2000-11-27,0.362068150685,-0.319104112258,-1.1647663357,0.318353355423
2000-11-28,0.706466859248,-1.44319885233,0.541221298002,-0.41592817987
2000-11-29,0.136059122185,-0.426153969918,-0.437357892555,-0.0724188583817
2000-11-30,0.642410662782,-0.349201866746,0.862038614327,0.407105531876
2000-12-01,-0.112259971281,0.60892975468,0.54435347404,-1.27928858195
2000-12-02,2.01329793925,1.50678184048,-0.943995722395,-1.30708806162
2000-12-03,-1.68477336239,0.941360521625,1.42615384367,0.266790455806
2000-12-04,1.01162090193,-0.235254360084,0.637970897475,0.181026092533
2000-12-05,0.171989118988,1.37770996576,-0.402253592247,0.519701881287
2000-12-06,-1.61150934564,0.443735110819,-1.43749166668,-0.918596747083
2000-12-07,0.111327927619,-1.2709049845,-1.17431147119,0.220245238942
2000-12-08,0.752547690347,0.534179180524,0.525872134768,-0.119181960903
2000-12-09,0.376602268991,-0.848672284035,0.66293011864,1.32866988152
2000-12-10,0.548274866287,0.00512112683002,0.269173314979,1.91021890435
2000-12-11,-0.0258037914057,2.10558981018,1.05138607655,1.33951526806
2000-12-12,-0.929190878187,1.89314636945,-0.290583333526,-0.932618435045
2000-12-13,0.365844896189,0.840616253479,0.711982479188,0.714929590876
2000-12-14,-0.204854146448,-0.199389465206,-0.724672266279,-1.20010599932
2000-12-15,-0.468752717431,1.23292016051,-0.657768886758,-0.691257894867
2000-12-16,-0.339206145014,-1.15963975552,-0.731810554294,1.22632410272
2000-12-17,-0.427865522011,1.67388772518,1.19927136986,0.904673226892
2000-12-18,-0.558734659329,0.209480547146,-0.447793163741,1.5568897862
2000-12-19,0.249035310246,0.3337304443,-0.145686083571,0.354255219944
2000-12-20,-0.0638545990416,0.0724853504173,0.101763081395,2.01658716998
2000-12-21,-0.907468746299,0.409197737134,2.00281142077,0.478785927769
2000-12-22,1.49686346879,-0.556573725119,-0.082669790353,1.06092221178
2000-12-23,0.319572269994,0.296915791661,-0.153972449099,0.800653400661
2000-12-24,0.324728725226,0.575048803129,-0.324156513888,-1.44839091838
2000-12-25,1.63012624814,-0.076750273302,-0.486580976423,-2.1431690768
2000-12-26,-0.0257584375036,-1.29019562799,-0.676374927606,0.0652126469468
2000-12-27,0.0490471219356,0.913470730183,0.0682180726909,-0.032051985094
2000-12-28,0.434220992508,-1.25217705754,0.294497136061,-1.42042178081
2000-12-29,0.415816721182,-0.9535009441,0.140285334159,-0.20478064069
2000-12-30,-0.495857217036,0.617602553767,-0.468505027693,0.767229922184
2000-12-31,-0.695816643674,0.147103841352,-0.343972983857,-0.240062770626
2001-01-01,0.235684239758,-0.730346030224,0.20267629104,-1.39383693558
2001-01-02,1.35104731146,0.357546139968,1.42307682547,1.42800846777
2001-01-03,-1.71466819337,-1.54126536016,-0.168609808156,1.86446823853
2001-01-04,-1.57608010763,-1.5336491808,-0.471487478539,-1.20493055009
2001-01-05,-1.49110365968,-0.372582718969,0.111684854195,0.990458397691
2001-01-06,0.88373253992,0.960748975192,-0.989625354666,-0.00744424597863
2001-01-07,0.170322136947,1.97432717034,0.417234947603,-0.476998489394
2001-01-08,0.532319329043,-0.645368384303,-1.37227453865,-1.42520162469
2001-01-09,0.904244871759,0.682990407156,-1.06794273656,-2.16883720568
2001-01-10,-0.0463913187584,-0.925907246712,1.55574519035,1.89820302034
2001-01-11,-1.15573983997,0.237107338136,-1.07298292991,-1.34004466336
2001-01-12,0.263611838359,-0.829645449551,-1.50503678366,-0.607436492757
2001-01-13,-0.24092329793,-1.94849299196,0.334673025301,-2.34626636969
2001-01-14,0.304132839682,-0.372041832332,-1.30776298096,0.0938579955908
2001-01-15,-0.875289665164,-1.52213160464,0.511197859563,-0.379818584168
2001-01-16,0.939851144942,-1.37092234352,0.37898710572,1.73145007396
2001-01-17,-0.0310309463974,-1.3156850141,-1.92306046435,-0.684592643526
2001-01-18,0.80960596502,-0.370901984807,-0.860427703376,-0.842584996259
2001-01-19,-1.45780017196,-1.37240944462,0.529693225585,0.00133615810288
2001-01-20,-0.184195834349,-1.30521588138,1.68323032435,3.04399426661
2001-01-21,1.97669534512,-0.688998328728,1.88257503302,0.306677992588
2001-01-22,0.0875907081944,-1.22814915375,-0.543732558813,-1.40361488433
2001-01-23,0.695446145429,-0.30936368807,-0.658828009911,1.2334301335
2001-01-24,-0.969595140965,0.363363929033,-0.202725773402,-0.479693308759
2001-01-25,-1.19951090462,0.131682513326,2.99628529448,-2.1037659991
2001-01-26,0.0970733049367,-0.77663243442,-1.33610441223,-0.16008998441
2001-01-27,-1.72241512284,-0.80599492359,-1.56691895724,-0.117662998449
2001-01-28,-1.11895796076,-0.571446091132,1.36800275865,-0.0344004331716
2001-01-29,0.31988293251,-2.40568294995,0.310569205041,-0.57833634283
2001-01-30,-0.366686257651,-0.778648278336,-0.648366676548,-0.38653547963
2001-01-31,-1.15936611912,-1.50433173153,-1.46413726926,0.38629900268
2001-02-01,-1.33343765444,-0.570084848223,0.203611790349,0.901282027183
2001-02-02,-1.65980222024,-0.887055521554,-0.153612353716,-1.03966763577
2001-02-03,0.0779676970507,-1.57490935211,1.17122616791,-0.385174661172
2001-02-04,-0.335835642941,-0.132364312592,0.376381187687,1.48293098144
2001-02-05,-0.086362433359,1.03502939773,-0.776527192788,2.54239174409
2001-02-06,-1.61286792468,-0.321439015019,1.37866714898,-0.30893318579
2001-02-07,-0.838546600066,0.202069472925,-1.35516422143,-0.531310097159
2001-02-08,0.973404235804,-0.329524579102,1.84305427258,1.70583844918
2001-02-09,-0.053440195528,-0.304084680954,-0.510930635517,-0.922781451694
2001-02-10,0.216788173764,-0.209411968048,-0.624532603721,0.73793910486
2001-02-11,1.88181494976,-0.450203634145,-0.984815469107,1.0748159171
2001-02-12,0.0947501465113,1.32728755769,-1.84076236772,-0.070176173963
2001-02-13,-0.023031837007,-0.710194557133,-2.2905156999,-0.288612588633
2001-02-14,-0.32934540778,-0.72474907275,-0.120620776695,-1.20737587427
2001-02-15,0.894236935914,-0.104939528363,1.10706870227,-0.532415076015
2001-02-16,-0.319750423528,1.59151005322,0.385002767289,-0.206439331508
2001-02-17,1.32664213388,-1.20150766016,0.972382723618,-0.613082664397
2001-02-18,-0.549661289013,0.520376221235,-1.93337795152,-0.329058629021
2001-02-19,0.488020569357,0.503459658371,-0.181363297478,-0.526878832942
2001-02-20,0.134143878636,-0.247811502289,1.46296839416,-0.984294937679
2001-02-21,0.305374180679,-0.836482141288,-0.804619834866,1.08268014297
2001-02-22,2.52004974619,-0.312656535136,-0.360816996187,1.4840317356
2001-02-23,-1.16247574018,-0.949510693614,-0.940363750769,1.91402082777
2001-02-24,-0.737320872205,0.52089806672,1.04210456588,-0.255655118791
2001-02-25,-1.51091281365,1.7721119699,-0.753746925702,-1.21564508129
2001-02-26,1.03794063032,-0.331238652236,-0.195233416785,0.714927718575
2001-02-27,0.717189734048,-1.70836896564,-0.48216365324,-2.14461718189
2001-02-28,-1.26818251947,-1.15012621304,-0.229062548142,0.535576470409
2001-03-01,-2.15348130121,-0.329854482332,0.302448186189,-0.364088709734
2001-03-02,-0.831646347807,0.565559963744,0.547352483738,1.09612140285
2001-03-03,1.14683823442,1.2072180682,0.280253443108,1.1971809304
2001-03-04,-1.37617583742,-0.680839926409,0.584822650294,-1.9500997717
2001-03-05,2.10840805265,-0.956384897847,0.453151074749,1.91579998883
2001-03-06,0.794327479827,-0.531489620683,0.932154039905,1.154615238
2001-03-07,0.451918341048,0.393718575635,0.453429248811,2.05851045982
2001-03-08,1.11199771322,1.98820621944,0.819369216799,-0.214573005994
2001-03-09,-2.39537443901,1.57897134875,-0.333470154954,-1.0966643641
2001-03-10,0.384167106567,0.0246581306719,-0.0808352362322,-2.03820715781
2001-03-11,-1.1053753114,-1.87136242372,2.23772706254,-0.486215462855
2001-03-12,-0.163759218339,-0.845930077588,-0.424778966486,0.666664021089
2001-03-13,-1.54986019403,0.487001394207,1.04682242561,-0.000990603914045
2001-03-14,-0.807184034909,0.404736940529,0.736580003008,0.578602004247
2001-03-15,0.585324917452,-0.587214806472,-0.121996024424,-0.131949040483
2001-03-16,0.0925988715258,-1.55509056343,1.9302844748,-1.67031140248
2001-03-17,-0.288933829809,1.72772607365,-0.866709181396,-1.30975982572
2001-03-18,-2.22043725263,0.131273908593,-0.148275525167,0.305658143104
2001-03-19,-1.61873158858,-0.435285274606,1.15099646039,0.308303637947
2001-03-20,-1.21726129649,0.540780831312,0.990137528481,1.12445710588
2001-03-21,0.0246686998476,0.353368539821,0.781849113368,0.463503403323
2001-03-22,-0.266455200458,-2.14973915237,-0.820587880884,0.0966986608628
2001-03-23,-1.27535292345,0.171411949322,-0.069426402959,0.75892916621
2001-03-24,-0.33347297706,0.210586258001,-1.49299737557,1.2927616614
2001-03-25,-0.463162321307,2.01616916768,-1.12879801395,0.78489160249
2001-03-26,-0.705562655609,-0.909523007671,0.269541112134,1.38112489825
2001-03-27,0.279685496727,-0.822859853999,-0.315873176263,-1.11959627275
2001-03-28,0.276966233655,-0.105768074998,0.0215538786056,0.0360471374696
2001-03-29,-0.185102244594,1.27938312386,-0.0246115628038,-0.568669407424
2001-03-30,0.653458102801,-0.541096843621,0.194867908843,0.173036617326
2001-03-31,-0.932903170393,-0.856839382683,1.10088637596,-1.52684738337
2001-04-01,-0.810394305314,-0.462993416587,-0.295943317924,0.991747007275
2001-04-02,0.26778077867,0.533339139231,-1.18467445398,-1.23752346166
2001-04-03,-0.865451088949,0.140301663691,0.439120229423,1.00180253781
2001-04-04,-0.211783154757,0.160148143457,-1.56989305451,-2.1377795013
2001-04-05,1.18963720462,0.221783206018,-1.46168869931,0.657910830651
2001-04-06,-0.896251281983,-1.15912079046,0.389239151212,0.294251946278
2001-04-07,-0.476764849492,1.22323368043,0.908711989696,-0.193079776064
2001-04-08,-0.995214714232,0.0903187002001,-0.101814741846,0.214058916093
2001-04-09,0.345879336637,-0.609366736237,-0.0340243963912,-1.87059617375
2001-04-10,2.94449851225,0.37862553791,0.864696885039,-0.147892564402
2001-04-11,-2.13137739347,0.0314720721643,-0.0697591009452,1.24011109793
2001-04-12,2.92442147046,0.045522834457,-2.30140745639,-0.179614442661
2001-04-13,0.29001339078,-0.829776058003,-1.20455462621,1.1434177291
2001-04-14,-0.435138654935,0.251012236148,-2.67333005158,0.665162970771
2001-04-15,0.548971260468,-0.554304868924,-0.77695664689,0.462330128578
2001-04-16,0.905162088887,-0.453473666424,-0.481065142469,-1.50452980816
2001-04-17,-0.963926054743,1.47480191633,-0.635579992661,-0.279870603052
2001-04-18,0.220111512213,1.93196723021,1.57666872535,-0.766015320904
2001-04-19,-0.89881378225,-1.02018751904,0.507390619273,-0.908049138373
2001-04-20,1.82292377316,0.307146574821,0.783245437931,0.0933889793665
2001-04-21,1.42913498704,-2.22185875232,-0.716907478876,0.731746507234
2001-04-22,-0.861447514889,-1.95379757695,1.30906122093,-0.85784785025
2001-04-23,-0.933841293546,0.874699243667,-0.489860278565,0.346964712016
2001-04-24,-1.56002382543,-0.732180771936,-1.08627204974,-1.2917697004
2001-04-25,0.572132984639,-2.76702910113,0.0769786670631,-0.896851855899
2001-04-26,0.937307542117,-0.5764992897,-2.38417417614,-0.255169710744
2001-04-27,1.62579405743,-0.761120455139,-0.632880687231,0.990788874866
2001-04-28,1.6895788842,0.291247894548,0.755420465427,0.6590491787
2001-04-29,-0.183573537041,0.202092380611,-0.555650389297,0.573894078768
2001-04-30,0.14936743622,2.75522736821,-1.16204303441,-0.166136761771
2001-05-01,-0.405307927574,0.723908066775,-0.473826173514,-0.139889027581
2001-05-02,0.90094381221,1.28235415734,-1.23232325409,-1.38619402851
2001-05-03,-0.482708223539,0.815381796165,0.485359675735,-0.208132742519
2001-05-04,-1.14648018974,0.526609408506,-0.726896681117,-0.0262773259855
2001-05-05,-0.714717161638,-0.434870151319,-0.509844613462,0.799491853467
2001-05-06,-0.501823758014,-0.0650846208713,-0.521342549519,0.845246933135
2001-05-07,1.27868242027,-1.15180038559,0.524681925162,1.16655020005
2001-05-08,0.369332611891,1.35516687468,-1.29001157768,0.382998253463
2001-05-09,-0.0895560853084,-1.62667856938,0.0596624293676,-0.897504694063
2001-05-10,-0.807888826796,-0.242253869997,-2.70976907218,-0.890386352992
2001-05-11,0.998347031101,-0.679226845938,-0.0372194766187,1.57699248379
2001-05-12,-0.0245571599595,-1.15973682905,0.218997958507,0.483997074365
2001-05-13,0.763392494287,-0.555930499771,-0.232835248213,-1.18950436044
2001-05-14,0.742471313226,-0.661178910258,0.890684052481,3.24725498374
2001-05-15,-0.535056617439,1.50635806903,1.90664100457,-0.162119527535
2001-05-16,2.50944114172,-0.065442923447,0.378227339818,1.22301654322
2001-05-17,1.09787453591,-1.1659526999,0.252727149966,1.61328647139
2001-05-18,1.96983928518,0.368984507107,1.75037393495,-1.41881299719
2001-05-19,0.980073583633,-1.47871055944,0.297199799786,-0.900276207638
2001-05-20,-1.27545336763,0.268547885905,0.266976739012,1.31516911347
2001-05-21,1.56612511313,0.217881776106,1.18192879458,-0.180853535774
2001-05-22,1.33834306005,0.682284379798,-0.100853624225,1.18789583212
2001-05-23,-0.153766542092,-2.50720750814,-0.530494343303,-0.283973743091
2001-05-24,0.215815878458,0.0617371770948,-0.946192884275,-0.0110506687977
2001-05-25,-0.29892557345,0.285022853767,-0.769493122395,0.793341342357
2001-05-26,1.25498405962,0.471824845761,-0.128751856246,-0.133902295501
2001-05-27,-1.3003399386,0.792372767058,-0.706930495022,-0.239407212921
2001-05-28,-1.74515035956,-0.629338099837,-0.391520408392,-0.147077234295
2001-05-29,-1.28450077886,0.718478053987,0.94973021518,1.887235692
2001-05-30,-1.21864968688,0.180117634421,0.219508006704,2.00640870189
2001-05-31,0.637379492345,0.0733367117248,-0.766598665506,1.2619327443
2001-06-01,0.200438880917,-1.92007403747,-1.31927166072,-0.60928896881
2001-06-02,-0.0705566573896,-1.76975808135,0.364288553205,-0.109301474248
2001-06-03,0.0413897148095,-0.878601372755,0.0831572276734,0.0148446572843
2001-06-04,0.204799433234,0.360222916882,0.490385224594,0.472992257155
2001-06-05,0.525872479071,-0.590116405183,1.67707199569,0.718716298076
2001-06-06,-0.718742848453,-1.34341887146,-0.496009263414,-0.200554298048
2001-06-07,1.56821837157,0.0823305650537,0.329422372668,1.96513524619
2001-06-08,-0.256818774581,-0.87563985739,0.794291229289,0.254269640315
2001-06-09,-0.758713034467,1.42859698161,0.984075802788,1.3420721707
2001-06-10,0.286287126214,0.469294227605,-0.210605605858,0.14092689161
2001-06-11,1.34062122474,0.89609186851,0.474812671493,-1.32554830762
2001-06-12,-0.499329345961,-0.761758915499,-0.147381179536,3.39013624992
2001-06-13,-0.283433145353,0.137084434705,0.026009492116,-0.741361546446
2001-06-14,-0.53833161112,-0.455151627051,1.02741465356,-0.769059316276
2001-06-15,0.700885108328,1.54901171972,0.941735785902,-1.23386322429
2001-06-16,-0.057101084017,0.355460693849,-0.0426893435721,1.94170573519
2001-06-17,-0.314888706766,0.88334039464,-0.367255034096,1.0770412363
2001-06-18,1.26674796519,0.797524427916,-0.245545003542,1.18137133466
2001-06-19,0.00368616850718,0.863205270668,0.363391587986,-0.443730440068
2001-06-20,-0.635949050065,-0.973921341645,1.0341716257,-1.37948242734
2001-06-21,0.11563526907,0.301700575691,0.994018406549,-0.13369077022
2001-06-22,-0.871259837831,-1.46104188112,1.10656154039,-1.52967490146
2001-06-23,-0.375562738193,-1.07520166982,-0.837438859998,0.567254096956
2001-06-24,0.13003151926,1.96709914418,0.54172120708,-0.897825630176
2001-06-25,0.280030997393,-0.415238488149,-0.198276597882,0.371317531148
2001-06-26,0.213110455325,-0.77060797592,0.249972567899,-1.73433932678
2001-06-27,-0.840728971722,-0.611970636906,0.895310380783,0.703781308041
2001-06-28,0.69984689149,-1.83106063401,0.582579822302,-0.735123195098
2001-06-29,0.299388493555,-0.618479960851,-0.136769721706,0.900176766292
2001-06-30,-1.74478528525,0.211233945485,0.0987642824192,-0.158678627844
2001-07-01,-0.0454169539836,-1.42880257634,1.16920691074,-1.01537482405
2001-07-02,-0.91827546726,-0.73965841219,-1.50367182916,-1.92955247895
2001-07-03,0.804443821606,2.19182893652,-0.427566316014,-0.832390231898
2001-07-04,-0.333293616393,0.581692179082,0.958914728153,-1.55513498226
2001-07-05,-1.91365353562,-1.18384810712,0.225778088056,1.01656315267
2001-07-06,0.983506732697,-1.01160069061,-0.564959477603,-0.631280708507
2001-07-07,-0.155559181231,0.716081347315,0.510305000319,-0.102221243658
2001-07-08,0.204958303147,-1.43900908808,1.04748487885,-0.150402136597
2001-07-09,-0.59463974347,-1.55214402244,1.00393374717,-1.07123557902
2001-07-10,-1.72379640783,-0.0948826666761,0.970150832565,1.44626452255
2001-07-11,-0.21206514787,-0.401950778745,-1.6340841427,0.625910074444
2001-07-12,-0.17008608103,-0.124031710331,2.17381693175,0.535062783622
2001-07-13,0.215908356722,1.24776833164,-0.470295199193,-0.777420873588
2001-07-14,-1.98462620205,-0.786014620309,1.1757546255,0.0715102078213
2001-07-15,2.69257165585,-0.202778887864,2.4653326913,0.189553995561
2001-07-16,0.157249399595,-0.0488416545628,-1.18652736755,-0.957628161699
2001-07-17,0.655494664287,-0.306040691077,-0.616706072573,-0.178717145505
2001-07-18,0.857053108845,0.46067009104,-0.0349818493046,1.09737348822
2001-07-19,0.209505402436,-0.555234973851,-0.69757124795,-2.4030084605
2001-07-20,0.444875938218,0.71218398065,0.373635523936,-0.279833455783
2001-07-21,-0.340939630443,0.79857852299,1.8221354377,1.64753900245
2001-07-22,-0.328536787484,0.361654072161,1.57142030234,1.02824974336
2001-07-23,-2.52810540215,1.01692449238,-1.1191081701,-0.0376953577177
2001-07-24,-1.21380812177,-2.25989901013,1.64266734832,0.702849057109
2001-07-25,0.00589042665205,0.766816342166,-1.58568827376,-1.6643601709
2001-07-26,-0.472569169774,0.43855370087,2.42859968893,-1.70039271557
2001-07-27,-0.189516113293,0.474498588676,0.600290287328,2.23695944582
2001-07-28,-0.171105128817,1.5791603011,0.593188298482,1.27554002505
2001-07-29,-0.0898102826498,-1.29919641857,0.328991942945,0.254518115604
2001-07-30,-0.018418406505,2.729448026,-0.198853201032,-0.494095149382
2001-07-31,0.855067334163,1.22683253039,-0.178971840869,0.881706312529
2001-08-01,1.1256232108,-1.0007210856,-0.254513406993,-0.0173224678731
2001-08-02,-1.42170282497,-0.00414039844294,1.86426877015,-0.876516458801
2001-08-03,-0.400953047223,0.614081004119,1.43576279127,-2.15931156121
2001-08-04,-0.461384817082,-0.0673192826497,0.337191485087,1.18330176611
2001-08-05,-0.290064853381,1.27674784617,0.131602800616,0.212373724042
2001-08-06,0.273534046386,0.921664294373,-0.69364183568,-0.473003939709
2001-08-07,-0.53963875509,0.509008703769,2.63308476594,-0.219817681803
2001-08-08,-0.763267246698,-0.421586878736,0.0829859180702,1.078526982
2001-08-09,0.326414608713,0.000403252925577,0.680380395189,0.100775948612
2001-08-10,-0.808515893876,-0.918923499728,-1.01915462628,0.625414665457
2001-08-11,-0.656333482099,0.965310558508,0.365194443487,0.559043356084
2001-08-12,1.04524470783,-1.95571281541,2.66368387092,1.74213629458
2001-08-13,0.0417308098945,0.123946482941,0.711764273747,-0.276503014118
2001-08-14,-1.66812907111,-0.19795477342,1.3110348894,0.382299957778
2001-08-15,1.23024365709,0.799510603541,-1.54722127538,-1.80817184689
2001-08-16,1.31592224,0.814536924881,-0.760599860606,0.764820452072
2001-08-17,0.713328472077,-0.434054906269,-0.562899491682,0.935238040789
2001-08-18,1.36760048443,-0.401564549417,0.836285042773,-1.14274110644
2001-08-19,0.716307241154,-0.388284651949,-0.214426794049,1.08504513786
2001-08-20,-2.10936108322,-1.26314256005,0.36050123395,-0.94065370962
2001-08-21,0.391486621865,-0.501654229063,1.67554308971,-0.484257648526
2001-08-22,-0.101579023641,0.0683306858036,-0.712595282343,-0.271597519408
2001-08-23,0.581621176166,-1.40481388748,0.460783060416,0.835278189393
2001-08-24,0.88620046834,0.542268278986,-1.20863465665,-1.10052872552
2001-08-25,0.742141004963,-0.0834719450103,2.71340760821,-0.238889301396
2001-08-26,0.472432176648,-0.249887720162,-0.618118429894,-0.200586418731
2001-08-27,0.744659920688,-0.1968675759,0.993259715184,0.715516667672
2001-08-28,-0.015132564324,-1.76691643185,1.03604091944,-0.114357217092
2001-08-29,-2.57587193101,0.0444634894264,-1.27170828716,1.1789913081
2001-08-30,0.771727521443,-0.108066516494,-0.0857562728317,-0.495666022552
2001-08-31,-0.216668669731,-0.608005374156,0.529638052371,-0.671694225277
2001-09-01,-0.837398312255,-1.45338086651,0.622208992967,0.917771311803
2001-09-02,-0.315599763838,-0.402632273117,0.442186289571,1.04762108949
2001-09-03,1.17641150266,-0.315712165322,1.21412198032,-1.54371747997
2001-09-04,-1.18224916576,-2.07176609969,-0.00460355529223,-0.545495933949
2001-09-05,1.03315054578,1.84187377245,0.663559053632,1.17491346503
2001-09-06,-1.4112701638,-1.14461203645,-0.878722856356,1.2095177554
2001-09-07,0.516008619112,0.139934033998,-0.963564245309,2.14504849541
2001-09-08,1.01746912608,-1.34739198097,-0.724703752877,0.331102692471
2001-09-09,-1.39236015328,0.567139988521,-0.648682843013,-0.77557203284
2001-09-10,2.39732310981,0.500803537466,0.474953027016,1.37673975763
2001-09-11,-0.627329218324,-0.2762583955,1.34432332359,-0.202664084793
2001-09-12,-0.58132639997,0.93695972804,-1.04271466222,0.381503485812
2001-09-13,0.0724077404353,-0.71603350495,-0.257378518738,-0.465090142785
2001-09-14,-1.39404217327,-0.474913970937,-1.14888201702,-0.429825118032
2001-09-15,0.65329702696,1.32493375126,-1.09630058351,0.040385123906
2001-09-16,0.506931739687,-0.918708318159,0.556714947816,-0.29882760505
2001-09-17,0.42128806048,-0.546760655102,-0.234955143648,1.0063344348
2001-09-18,-0.245255338244,-0.847172810985,-0.274948559309,1.34423658495
2001-09-19,-0.223293047803,0.813690853963,-0.302553411736,1.46843275945
2001-09-20,-0.72076179083,0.174319628925,-0.130908094294,-1.53714290457
2001-09-21,0.134691609324,-0.707425223443,0.578863496991,-0.982358113902
2001-09-22,-0.755680816503,0.872519872039,-0.398658670475,0.98480904698
2001-09-23,-1.36898287767,-0.497160236464,-0.208642963984,0.0946722833201
2001-09-24,1.1569556236,-0.298702416432,1.3181398437,-0.420366624721
2001-09-25,-0.244295118297,1.06371804801,0.87997898602,-0.846662152609
2001-09-26,1.32078615943,0.152201883948,-0.649204108763,-0.915425827171
2001-09-27,0.428121511151,-1.38301266802,1.36893236015,0.721977578648
2001-09-28,-0.476392101421,-1.83003788754,-1.38592299572,0.134609074263
2001-09-29,-0.050001661064,-0.600025265674,3.00182280752,-1.17665249515
2001-09-30,-0.417342782632,0.0137801968961,-0.79366467652,-0.111797293565
2001-10-01,-0.490411264708,0.929328563819,-0.539059649475,0.273359418581
2001-10-02,-0.711928434433,-0.104944866139,0.887783759894,1.15018862142
2001-10-03,2.14956852269,0.190999741624,-0.836693378271,-1.24861485828
2001-10-04,-0.454029454984,-1.90284341935,0.710442344883,1.97658813908
2001-10-05,-0.267533314202,-0.133183624934,-0.764977044794,-1.07978971741
2001-10-06,0.802494970811,-2.24268680985,0.27994728637,-0.755423255372
2001-10-07,-0.142903850526,-0.847040560044,0.458915112406,-1.31455651175
2001-10-08,-0.0891481810546,-0.979542843727,-0.440046856344,0.970707685602
2001-10-09,0.988736827658,-0.22784064298,2.07521856801,0.147343961571
2001-10-10,-0.610631341804,-2.48242030195,-0.0541123840244,-1.0879392621
2001-10-11,0.200543403029,0.685357404095,1.20912222867,0.454646999776
2001-10-12,1.84792214143,-0.13506130773,0.117669206038,-1.05746015571
2001-10-13,0.247721554457,-0.0380158297226,0.727641162453,0.173929384901
2001-10-14,-0.896713327901,1.00227133586,-0.489302767714,-0.440260929547
2001-10-15,0.694855959277,-1.18523332587,-0.443698924341,-1.13492162812
2001-10-16,-1.2471633816,-0.653644678428,-0.0715038058608,-0.566833157799
2001-10-17,1.47862775812,-0.847150079963,0.673266862329,0.682505130643
2001-10-18,-1.4659730316,0.705886740558,0.159977428928,0.146600767191
2001-10-19,1.72615409302,2.22176251727,0.25218852553,-0.0395736580648
2001-10-20,0.754810566014,2.71704541412,1.49083141447,-0.419198051946
2001-10-21,0.618866188041,0.174227738394,-0.328404840463,0.969190092266
2001-10-22,0.426690800988,1.27897433505,-0.0863318339126,-0.871525259582
2001-10-23,0.638858340477,2.37732387965,-0.873049072466,-2.23227159957
2001-10-24,0.955135989957,-0.691966381876,0.0954796908327,0.799127746756
2001-10-25,1.2748509698,-0.0692963466999,-1.60287865046,1.54541797041
2001-10-26,-0.403839571908,0.143028985548,1.2328432374,-0.0104098611139
2001-10-27,0.0636368369104,0.220753828656,-1.54486462767,1.55264758456
2001-10-28,-0.193151564807,0.595072630207,-0.137592004524,0.602926874165
2001-10-29,0.237825790415,-1.44821038246,-0.44184569394,0.0581611573583
2001-10-30,0.0914697436526,-0.568107240267,0.658409927464,-0.521566737886
2001-10-31,0.438949172134,-0.0970116520938,-0.113063915958,-2.5579147292
2001-11-01,2.24278608833,0.310032748825,-0.744377914084,-0.264417724802
2001-11-02,1.07663584107,-0.88160297987,1.52048536261,0.103620070336
2001-11-03,1.15617408373,-0.133489190469,-3.44017352883,0.0119768557299
2001-11-04,-0.74145665206,-1.29394611833,-0.106692846622,-1.45879739842
2001-11-05,1.00580724869,1.55070928001,1.0692303997,-1.19492716456
2001-11-06,-0.353684670784,-1.07084624378,-1.04911690296,-0.419124111689
2001-11-07,1.33643967821,-0.672917549226,0.455368473287,-1.35154175474
2001-11-08,-0.260872046345,-0.924597399193,1.85783634808,-0.820852456518
2001-11-09,-1.54103663025,-0.70578859699,-0.619423503993,0.360979657002
2001-11-10,1.10195854348,1.57800843826,-1.04809411345,-0.171574836352
2001-11-11,0.0327826727253,-0.627640681699,-0.407162868463,-0.279802676977
2001-11-12,-0.38290267934,1.33763250367,0.281549354362,0.435502340542
2001-11-13,0.962188903319,2.11117427289,-0.933494651404,0.746244418436
2001-11-14,0.674397395921,-1.29167696927,1.06067931724,-0.322548346941
2001-11-15,2.07398658192,2.32656489842,0.309565191186,-2.27435775434
2001-11-16,-1.4585866279,-0.605693061613,0.268403888238,1.17131111895
2001-11-17,-0.485329841844,0.00531499075808,-0.0191984098919,-1.38689703013
2001-11-18,-1.14538429893,-2.92966491455,1.5349835504,-0.236259785344
2001-11-19,0.881911556363,-0.0269827336631,-1.00665220418,1.33174079219
2001-11-20,0.766061582191,-1.34404459251,-0.29842274449,-0.765553611323
2001-11-21,0.64863941066,0.746911869742,0.281831532897,-0.0617460874819
2001-11-22,-0.815091965283,-1.08647261222,0.518473630009,-0.744829669181
2001-11-23,-0.317903054472,-1.25114572679,-1.03901903369,0.640372789135
2001-11-24,1.2355819501,1.24803419475,-0.0483112612745,-2.16625814868
2001-11-25,0.459658670448,-0.945971926993,1.38086320433,0.831704246634
2001-11-26,0.736317650693,-0.608634522263,2.10775642093,0.520310734041
2001-11-27,-1.11273527962,0.453001154014,-1.05278497265,0.650667779206
2001-11-28,0.279847772998,0.672914143521,-0.658858528213,1.37992188235
2001-11-29,0.613487847627,1.52905487195,0.166631946047,0.499790314279
2001-11-30,-1.99890790912,-0.758142871361,0.946182133693,0.462446499078
2001-12-01,2.10368699417,-0.290097811417,-0.504701969413,-0.539101209654
2001-12-02,-0.432069151746,1.37247388224,-1.29248117575,-0.809342229508
2001-12-03,0.0418880979057,-0.183412323701,-0.705862256008,-0.018109688196
2001-12-04,-1.62432965956,0.548327561714,1.48148514937,1.33841293344
2001-12-05,-0.323383154993,1.95842925785,-0.0181474526871,-1.19999118891
2001-12-06,1.07321690939,-0.337056865783,0.465276604682,-0.00638541444857
2001-12-07,0.0340026282658,-0.822199016551,1.1479533006,-1.09989106754
2001-12-08,-0.150953864902,1.01752454339,1.46914381116,-1.08014093947
2001-12-09,0.339430699663,0.725013026701,-0.481101859536,0.42076685052
2001-12-10,-1.33130171687,-0.568802453758,0.741388994749,1.16776338916
2001-12-11,0.344131186968,0.0982775588804,-0.00603554683747,-0.0784868030645
2001-12-12,0.288185465304,0.874210274843,0.590844696792,-0.764700749801
2001-12-13,-1.68320534694,-0.415086676736,0.846228271867,-0.658605700003
2001-12-14,-0.354103938857,-0.742704833076,1.17564641869,2.04611673033
2001-12-15,-0.364722437317,1.31953086669,0.52117933083,0.449285638521
2001-12-16,0.44266556428,-0.283142341076,-0.322728175128,0.755707733047
2001-12-17,0.765771642908,-0.762890165503,0.601441529731,0.627991775736
2001-12-18,0.225851097523,1.02443507266,0.994991763037,0.364411387937
2001-12-19,1.51964623347,-0.245056149616,-0.60578116851,-0.36117761458
2001-12-20,-0.275346644844,1.52310606088,-0.492055509655,-0.396543481827
2001-12-21,-0.302661802149,0.9862193353,1.58167036295,0.454956150992
2001-12-22,2.27121630392,-0.413357926091,0.857239402786,0.19082044462
2001-12-23,-0.568701578082,-0.251123560809,-0.901436005858,-0.746440360569
2001-12-24,1.84040472409,-1.08602454671,-0.728952786046,-2.60858389443
2001-12-25,1.48089688911,-1.33550998748,0.491453748246,-1.3313937758
2001-12-26,1.19300113254,-1.69682153048,1.55784545389,-0.577627296599
2001-12-27,0.658167715359,1.78658053295,0.053499917683,-0.579763036732
2001-12-28,1.32020258328,1.40849541366,-0.38495153151,1.04773086154
2001-12-29,-0.449791566009,0.347372733788,-1.70888403484,-0.38804878043
2001-12-30,1.52622581198,1.14443148314,-0.940999387139,-0.106366406113
2001-12-31,0.113817354634,-0.271626377864,-0.791891824336,-1.40859371602
2002-01-01,0.29131101541,0.0509444079747,-0.885744797671,1.20120771437
2002-01-02,0.60756809262,-0.249824782,1.04000651736,-1.34788746738
2002-01-03,1.31352743584,1.27843862303,-0.194219282191,0.353683102497
2002-01-04,0.589599990963,0.226780545279,0.128157447995,0.823187724069
2002-01-05,0.44106190836,-2.60730915725,-1.15187575367,-0.584317284562
2002-01-06,-1.16091858645,-1.78662788663,1.46112703742,0.32805179025
2002-01-07,0.308031359593,0.157206488773,0.573859243919,-0.0709493011271
2002-01-08,-1.0745671914,-0.702577240396,0.373785918724,0.358628699568
2002-01-09,-1.77833511942,1.30716136543,0.412683049017,0.0832944694662
2002-01-10,-1.28325301038,-0.0772873667875,1.20905233068,-0.692116215069
2002-01-11,0.059527370668,-0.775265242093,-0.634084612134,-0.512643368436
2002-01-12,0.40383065151,-2.10293886436,-0.213046042056,-1.78574829862
2002-01-13,-0.96133512513,1.1571897523,0.855754957301,0.0617070007852
2002-01-14,1.68924264811,0.0665446768123,-1.04070645833,-0.358938618802
2002-01-15,0.762054536351,-0.47303944007,0.114919629599,0.0492614956946
2002-01-16,0.449313172111,1.04086610626,1.58887225541,1.87381427186
2002-01-17,-1.21085324991,-1.98749143894,0.83864735815,-0.595138685657
2002-01-18,0.316311690158,-0.891229798035,0.785578701965,0.452100409317
2002-01-19,-0.557221326988,-1.93041435782,-0.593866671483,-0.931149927054
2002-01-20,0.765956889118,-0.438842842214,0.577346765701,0.764044845737
2002-01-21,0.198112412664,0.83066842131,-0.613770155715,-1.15385830603
2002-01-22,-0.0993849282191,-0.341619198289,-0.194898079573,0.22524263686
2002-01-23,0.529576243439,-1.69745388031,1.9666640744,-1.46910194717
2002-01-24,0.768611212361,0.130652038625,-0.125491948692,-1.04950563277
2002-01-25,-0.0725192936513,2.08888255135,0.0958942590169,-0.0949217905444
2002-01-26,0.559483278165,-0.579923965734,1.65610707784,0.461652149738
2002-01-27,-1.54037328124,0.926330371594,0.844666924161,-0.524130942523
2002-01-28,-0.854259694351,0.827367281013,-1.50808078155,0.695560758182
2002-01-29,0.317379730737,3.05441429262,0.221604334011,-1.04166806506
2002-01-30,0.996411783923,2.03524126777,1.10906230992,-1.891982635
2002-01-31,0.219263081921,-1.4403999748,-0.0619079664568,-0.591794700711
2002-02-01,-0.230405811006,0.466962518077,0.651573637772,0.680536019964
2002-02-02,-0.225613982059,-0.997227339019,1.80275959453,-0.675892376565
2002-02-03,2.00966975008,-0.84921854929,0.312225068816,0.402107752038
2002-02-04,-0.282739409355,-0.689344929764,0.840751851041,1.35914488472
2002-02-05,-0.10242932911,0.0148563803273,-0.576719198688,0.0358760166418
2002-02-06,-0.590687820196,0.0699130347827,0.709440789062,-1.23695516905
2002-02-07,-0.0770459654318,0.673427431413,-0.667454023629,0.203739013572
2002-02-08,0.251658992891,-0.291185296208,-0.63481588882,-1.95268319604
2002-02-09,1.95240204934,-1.25392750854,0.554441112698,1.76667606406
2002-02-10,0.0710539721224,-2.20377053773,-0.64263024515,0.764749986253
2002-02-11,0.35205621666,0.317625825263,0.0280481164519,0.768267012963
2002-02-12,-1.04352312193,-0.909154657136,1.5399141491,2.25250200671
2002-02-13,-1.76488546548,-0.208553158608,1.42535139559,-2.27756038599
2002-02-14,-0.076055454357,0.555590506014,-0.0612347508541,0.45698784719
2002-02-15,0.597002077614,-0.294987504425,2.06304977265,0.583786785629
2002-02-16,0.979204253654,0.731664060282,1.39434688677,-1.18883870649
2002-02-17,0.929138401426,-0.511685568144,1.49417730511,-0.942717569277
2002-02-18,0.94907706707,1.26277855395,-0.188254498761,0.0358262111163
2002-02-19,-0.128388832256,0.438608130544,-0.366906772558,-0.133836047338
2002-02-20,-1.92430971547,0.507896884409,0.246087294646,0.507438659967
2002-02-21,-1.29889331101,0.248498296629,-0.794716028313,0.608208778043
2002-02-22,0.217630004394,4.31116572774,1.39502848608,-1.62641125312
2002-02-23,1.62351937062,0.912152369452,-1.05496059578,-2.9677626639
2002-02-24,-2.04137651122,-0.294373654008,0.5065404874,1.56201370277
2002-02-25,-0.0805755138475,-2.05865557901,1.45768145163,-0.0195270333784
2002-02-26,0.875054417625,0.550509591826,2.83855571661,-0.258761175207
2002-02-27,-1.0765884819,-0.324207792845,0.77727571815,-1.31885367331
2002-02-28,0.451112329207,-1.10851261824,0.782456521535,1.15433096925
2002-03-01,-0.665172429782,0.70411611714,0.960482778798,0.394522660401
2002-03-02,-0.809821729956,1.82004814439,0.971307339029,-0.911602204682
2002-03-03,-0.538546132782,0.478052380942,0.878731332756,1.31948544819
2002-03-04,-0.534596350723,-0.147828903279,0.0711802395578,-0.326496462597
2002-03-05,0.0448023348389,-1.47954091638,-0.0683130610551,-0.629258657004
2002-03-06,0.093066477233,0.305175884549,1.33081909403,0.907350623046
2002-03-07,-0.619837761497,-0.0173789599737,0.571046639395,-0.262404020606
2002-03-08,-0.787737140863,1.56182506403,-1.66542519373,1.54905294122
2002-03-09,-0.377274220024,-0.0244274841534,-0.359220385049,0.823574114662
2002-03-10,1.89443724298,0.221404165337,-0.817479293659,-0.814799481569
2002-03-11,-1.77155214171,-1.23846220499,-1.32995504491,-2.43382004839
2002-03-12,0.00178055889309,0.894453267868,1.66675283918,1.53857856611
2002-03-13,0.539894468598,-2.336789149,-1.99217809197,-0.299162515125
2002-03-14,-0.910709129762,0.0112201750649,-0.211815958311,0.284588381851
2002-03-15,1.15923730985,-1.11979692389,0.663575020544,0.160762400094
2002-03-16,0.914642549608,1.2286390158,-0.785476734394,-0.685180329645
2002-03-17,-0.0761965531419,-1.38076506748,-0.722125556246,0.659931693875
2002-03-18,0.133670045002,-1.40103617168,-1.53702385671,0.695239320935
2002-03-19,-0.464998210141,-0.845813309787,-0.664967940123,0.770618891024
2002-03-20,0.741891963674,-2.1422267271,-0.986717901282,-0.845102982501
2002-03-21,1.12275232825,-0.945519172101,1.11150630727,0.693139185625
2002-03-22,-3.68231637029,0.913059916404,-1.13653424619,1.24008033943
2002-03-23,-0.110192601417,-1.00383905287,-0.225625275675,-0.765350862882
2002-03-24,0.472624217494,0.444084509898,0.0960915104203,1.01346368803
2002-03-25,-1.42151624214,0.812540044159,-0.515677128141,-0.700847606228
2002-03-26,-0.486229669394,1.01988917468,-1.1415659116,1.94620355734
2002-03-27,-1.55695738273,1.16993929173,1.2973167369,-0.183502952811
2002-03-28,0.728696807322,0.162450180054,0.16309246493,1.07219400173
2002-03-29,-1.94970292249,-0.43085134487,0.771134656897,-1.36976592757
2002-03-30,-0.74331231458,-0.702408452859,0.700613365662,1.62411934644
2002-03-31,1.51008583361,-0.0828261980047,-0.39173948638,1.56610120452
2002-04-01,0.463451047051,-2.06141702488,-0.693357764343,1.74952602406
2002-04-02,-0.617831023325,0.816323794136,-0.696891218347,-1.2444441774
2002-04-03,-1.45162530898,0.694710402246,0.621982335341,-0.881938768259
2002-04-04,1.77069190222,1.64376577419,-0.918087362056,0.0891219836881
2002-04-05,-0.292580316721,-0.724088335415,1.31345120122,-0.504276286875
2002-04-06,0.407886611622,0.0919873109668,-0.629401975534,-1.58361318171
2002-04-07,-2.43608015337,-0.066601142571,0.300674629167,-0.209712010153
2002-04-08,1.01159385799,-1.62892867655,0.852077987828,-0.79562615067
2002-04-09,-0.333359795422,-1.26326717916,-0.864118147313,1.78366006389
2002-04-10,-1.06055088045,-1.13156619593,0.257778534377,-2.12461984704
2002-04-11,-1.24777665351,0.825491369348,1.31857871866,1.29377910896
2002-04-12,0.937774757414,-0.0573471893772,1.65315848346,-0.553533169637
2002-04-13,-0.286475693258,0.999723698849,-1.12006621321,1.54811773648
2002-04-14,1.69198688061,-1.46621795887,-1.11181890666,0.56091377751
2002-04-15,1.52271043679,-1.72384260994,-1.74499945219,0.0343721388938
2002-04-16,-0.366441615838,0.284410973447,2.34813441944,-1.34784745882
2002-04-17,-0.167358206785,0.452120022773,1.43069907309,0.417280650555
2002-04-18,0.671768603183,-0.719100244029,-0.90309707452,0.690488988219
2002-04-19,0.801468497351,1.04560589949,2.34525339174,-0.456532142925
2002-04-20,0.74950879373,0.683598757728,-0.378484405709,-1.45168256439
2002-04-21,2.55784364234,0.0515375124677,-2.05350046598,-0.069539450292
2002-04-22,0.753619356094,0.372802544061,-0.732062971652,-1.3172208925
2002-04-23,1.50145427746,-1.32449001706,-0.387724220908,0.828937645964
2002-04-24,-0.518225529762,2.21253744478,-1.32856968724,-1.3716443025
2002-04-25,-0.511338678759,0.0346975362702,0.993298586143,0.877311429299
2002-04-26,-1.27112643259,-2.51979224233,-0.362957045196,0.568864906735
2002-04-27,1.2567990714,0.746222851236,1.19576165587,-0.477502825488
2002-04-28,1.25955053378,-0.307897590511,1.0234848716,0.923524558652
2002-04-29,-1.35644842966,-0.84282176179,0.388353555077,-1.01379357379
2002-04-30,-0.501134048465,1.02957659693,-0.194843356002,-0.66327902825
2002-05-01,-0.361847232308,-1.78674782858,-0.866774614283,1.29618313539
2002-05-02,0.984811431761,-1.49829899314,1.3863065993,-0.101192537847
2002-05-03,1.3970595502,-0.707990816475,0.348832804798,0.181237292101
2002-05-04,-1.38916728655,0.064270434821,0.537619914901,-0.24347306237
2002-05-05,1.7892708963,-0.743206763243,0.794193991233,1.46302480692
2002-05-06,0.866987885372,0.294147757654,-1.56011604615,-0.131514190966
2002-05-07,0.102265656332,0.347528626728,0.084335279981,1.10337392228
2002-05-08,1.58534570717,-1.49576053807,-0.767439704224,0.0656952003146
2002-05-09,-0.685741931116,0.377638910234,1.56687120746,-0.484470361208
2002-05-10,1.13600578229,-1.24079264006,0.298179957064,-0.715166919565
2002-05-11,0.375713695238,0.458537624067,-2.12214297081,-0.357270613262
2002-05-12,1.49414918083,1.48643449314,-1.00960892375,0.44604076969
2002-05-13,-0.0856325385393,-0.26326541903,0.539728113535,0.805574221162
2002-05-14,-0.15251224539,-0.267286631373,-0.717759315229,0.297793627245
2002-05-15,-1.00447831979,-0.622195173048,2.08975577211,1.60469195224
2002-05-16,0.758309617515,-1.73287839864,0.870822655276,-1.43978125319
2002-05-17,-0.904042153943,-0.728932018406,-2.35623037725,-1.01377655194
2002-05-18,-2.2896441584,0.355304647408,-0.20048668529,0.403800161737
2002-05-19,0.495497008243,0.206062386001,0.146193773122,1.19817157361
2002-05-20,-1.35733415494,-0.901501474854,0.684823738635,-0.641823553245
2002-05-21,-1.74177406509,1.97748828276,-2.15791174099,-0.442453151537
2002-05-22,-0.0901887466691,-1.05490673266,1.33208813751,-0.049541025528
2002-05-23,0.53825879418,-0.34054562691,0.710249694478,2.12120550554
2002-05-24,-0.663260038062,-2.14329223703,-1.44641778527,0.0120055762253
2002-05-25,0.669916863595,1.65939196546,-0.549885548202,-0.122015602815
2002-05-26,1.65322720459,-0.0322739770144,-0.652492632573,-1.87989672292
2002-05-27,-0.823258423939,-1.5583956925,1.92264010017,0.48178146097
2002-05-28,1.10762652041,-0.77870078216,0.751372030798,2.00506725967
2002-05-29,1.89498646762,-1.56406971756,-0.569028527014,-1.39239849323
2002-05-30,0.26558055077,1.02046980618,-1.21616224388,0.209471123888
2002-05-31,0.127590449558,1.67700478102,-0.709397586036,0.392111003809
2002-06-01,0.264860193746,0.721574743931,-0.809204533817,-0.0938824532298
2002-06-02,1.21618677999,0.793769770039,-2.767485293,1.3257457687
2002-06-03,-0.311307858995,-1.03281253377,-0.302661371267,-0.319303792726
2002-06-04,0.143850015296,0.425108492792,1.28255285008,-0.269665370687
2002-06-05,-0.0596069215116,0.359141563513,-1.77071975072,1.92790408514
2002-06-06,0.613469378981,-1.44748232905,-1.39682548166,-2.76491954594
2002-06-07,0.988097977848,1.04461011959,1.69193338591,0.247407720855
2002-06-08,-0.963883933171,-0.263761545216,-1.13301031717,0.936946642127
2002-06-09,-1.56884114383,0.445352590525,-0.34182789031,1.69798087097
2002-06-10,-0.886098563015,-1.1408866963,0.329681037528,-0.758632517355
2002-06-11,-1.85707020212,-0.704284077308,0.571853945095,-0.542810833059
2002-06-12,-0.368047281017,0.193779448452,-0.217337337064,0.110903621011
2002-06-13,0.359254485081,0.379489582416,-0.476151927145,-0.31686289357
2002-06-14,-0.11605790346,-0.419479326873,0.699742585537,-1.62755454718
2002-06-15,-0.0164481390324,-0.64450215669,-2.27350912249,-0.618620753538
2002-06-16,-1.14398072173,0.896915578234,0.424062902222,-0.160841061218
2002-06-17,-0.845168024043,-1.10291410507,-1.23289454679,-0.409538817374
2002-06-18,0.375301754679,0.111218964593,-0.214940671725,-0.540524364019
2002-06-19,-0.927670157057,-0.804114936108,-0.186807804815,-0.514058526942
2002-06-20,0.451715931001,-1.88647898367,2.07456337756,1.32701596209
2002-06-21,-0.184938638931,0.888216671971,1.05984861837,-2.17587364619
2002-06-22,-0.887523253357,1.07064961106,1.26137264171,1.95593811837
2002-06-23,-0.2202862135,-0.316791916466,-0.738059091342,-0.299980530083
2002-06-24,-0.930858412813,1.09986323257,2.12368720071,-1.40737730503
2002-06-25,-0.545467142933,-0.486010496449,-1.19935640955,0.397779971089
2002-06-26,-0.248191645996,-0.203091995416,-0.742736790986,-1.13921597745
2002-06-27,0.0589143552501,-0.0889675571395,-0.156280119343,-0.930712033295
2002-06-28,0.394418429547,1.27670009632,-0.74169061421,-1.79016424212
2002-06-29,0.690846313475,0.15855127,1.33153594083,-0.786446022839
2002-06-30,-1.66734596549,0.638139557082,0.992428659749,0.475433263529
2002-07-01,-1.06460857708,-1.31394814807,-1.07716591163,-1.77092996141
2002-07-02,0.440324434874,-0.768841669118,-0.097583853968,0.128543911686
2002-07-03,1.11501511196,-0.283464186541,-1.54698144139,-1.67955333252
2002-07-04,1.1584258985,0.927877850531,-0.0627394626262,1.03531731075
2002-07-05,-0.284861279997,0.421434583196,-0.847337918193,0.429183679264
2002-07-06,0.303516757424,-1.78531662133,-1.55993885598,-0.260866246128
2002-07-07,0.674762078908,-1.14262929521,0.347529768527,0.00700613179529
2002-07-08,-0.263978230772,-1.162256744,-3.42408801704,-1.10454434358
2002-07-09,0.793051659607,0.587560372235,-0.901504697104,0.407144976201
2002-07-10,-0.543512714228,0.107800310317,1.53245338733,0.117523385993
2002-07-11,-0.284870773876,-0.614366722031,0.528640527312,0.740125288555
2002-07-12,-0.458216581262,1.9394433358,-0.879832288061,1.11016940243
2002-07-13,0.256453217384,2.22291458346,-0.494475409328,-0.0840180887542
2002-07-14,-1.09190601849,0.850261419481,0.471314501206,-0.426980760652
2002-07-15,-2.95606288318,0.305433353036,0.063479880509,1.16161365412
2002-07-16,-0.74845579118,-0.25572452656,-0.586155766682,-0.0863718155894
2002-07-17,0.249681388688,1.88846490851,-0.185929788851,0.016874572606
2002-07-18,-1.0293059619,0.514973858614,-1.62260403542,-0.857352193473
2002-07-19,0.0142130734707,0.724519477511,-1.14785599993,0.472982628568
2002-07-20,0.735723838444,2.07456110622,-1.29041587901,1.34458520785
2002-07-21,-0.465459730447,0.434532777251,-0.908957040153,1.06996582034
2002-07-22,1.01113737735,0.591492697655,-0.115744299671,0.504154289251
2002-07-23,1.17793926654,-0.26912299182,0.371699911216,-0.939319230112
2002-07-24,-1.32333441042,0.118480245826,-0.166928935119,-0.749542104708
2002-07-25,-0.385593184949,0.589024683725,0.229219440334,0.550086791639
2002-07-26,1.01985656739,0.95593149185,2.22758926003,2.02614137841
2002-07-27,-1.05742866681,-0.155932099765,-1.61899936442,-0.23731853828
2002-07-28,1.43186220883,0.26059356041,-0.896707679301,-1.30498968084
2002-07-29,-0.164346800366,0.171992348058,0.186447449003,0.636030948109
2002-07-30,0.288410853185,1.01689027351,0.276174146277,-1.33174762709
2002-07-31,-0.705473985456,2.33041054101,-2.98083452702,0.30098556901
2002-08-01,0.036610074744,0.284777217947,1.04915165567,1.01926637595
2002-08-02,0.0655200391617,1.13607953482,0.52185411707,-1.09881300301
2002-08-03,0.489756018056,-0.357858552581,-1.14176394691,1.13005983176
2002-08-04,-0.494029746927,0.00785137409438,-2.44063386259,-1.10283749808
2002-08-05,0.27612242768,0.524906582863,-0.506471675974,-0.931695491588
2002-08-06,0.312238069051,-0.885827982429,-0.689567204004,0.0247304550745
2002-08-07,0.821575315149,-0.671831465628,-0.149068454032,1.12988154759
2002-08-08,0.219142211079,0.835463762071,-2.5925015025,0.40766992033
2002-08-09,-0.111347969835,-0.670170242642,-0.787979180088,0.813846280951
2002-08-10,-0.962423556269,0.00224891347786,-0.112294519669,1.26916928905
2002-08-11,0.665226425838,-0.275038292573,0.876875983144,-0.00252609436056
2002-08-12,-1.1431267997,0.107845726844,0.459872938145,-1.19435474371
2002-08-13,-0.179022163709,-0.395096490964,-1.24203710383,1.46830471804
2002-08-14,-0.0929666424236,0.886892501887,0.0651268210068,-0.875857879909
2002-08-15,-0.328659870002,-0.999393099413,-1.19623236147,2.7412064388
2002-08-16,0.0432856193636,0.452370455667,0.80873388593,0.850624895661
2002-08-17,-0.145095644519,0.877221905312,1.02882698853,1.00364275377
2002-08-18,-1.94894898849,-0.310003695994,1.41954261854,1.0014314492
2002-08-19,0.337279199347,0.810621136636,0.753542678374,-0.165254700114
2002-08-20,-3.432812753,-3.0496872201,1.61048072129,0.108464532361
2002-08-21,-0.540705211246,-0.526089810419,0.951254285434,0.0937577520655
2002-08-22,0.554096150717,1.15876098999,2.26519639735,0.566245585333
2002-08-23,-0.165516059932,1.08049626038,-0.773660355339,-0.53339467375
2002-08-24,-0.80540943986,-0.180101665989,-1.06171956287,0.490070747104
2002-08-25,-1.67343084253,1.5536476244,-0.673861615393,0.566053466452
2002-08-26,1.36440034676,-0.855249579293,-0.865634573463,1.48366993289
2002-08-27,0.0350344919812,0.54356599919,1.19679189201,0.128114028532
2002-08-28,-0.858433730501,0.14639204051,-0.749395611521,-0.571466203415
2002-08-29,-0.293233692814,-0.619118044252,-0.0229130100633,1.175265397
2002-08-30,0.419913391397,-0.437408274363,-0.152953045106,-0.696592138078
2002-08-31,-1.68967618065,1.45733860025,0.419514117538,0.558120813218
2002-09-01,0.678716581005,0.227157081562,-0.422482384063,1.98573850301
2002-09-02,0.585621423351,0.0742896024244,-0.589001972957,-0.265045276958
2002-09-03,-1.0835830016,-1.35557088092,1.74014435357,-0.689882805442
2002-09-04,-0.90113499965,0.433526656566,-0.644716984939,1.06205990255
2002-09-05,-0.0424274733226,-0.676676151848,1.5229365794,0.13133227069
2002-09-06,1.20939433906,-0.115338172914,0.76409006942,-0.0399431236566
2002-09-07,-0.36621141722,0.580606058074,-0.25458329973,2.01950905849
2002-09-08,-0.863072111743,-0.734684862176,1.60479763762,-0.149871276477
2002-09-09,-0.850639780445,0.868681980605,-0.395022625121,-1.2063364202
2002-09-10,1.76024716786,0.993852135746,-0.185595594967,-0.153233751111
2002-09-11,-0.545257822668,-0.287316470912,-0.930901304867,1.18832935231
2002-09-12,0.666794940605,0.603986835245,1.35218117872,0.0400771235306
2002-09-13,1.6179085874,-0.194981988148,-1.36191941812,1.41512316386
2002-09-14,-1.11047630756,0.186446381379,-1.28918130399,-1.38771369725
2002-09-15,-0.757788042895,0.944624467323,1.25936826794,1.33088463704
2002-09-16,1.72277257143,0.247328897497,1.81208198186,0.130083926278
2002-09-17,-0.175060969967,-0.827494587951,0.414229797243,0.0825446266967
2002-09-18,-1.40088691346,0.919118037801,0.851882111632,-0.679649780301
2002-09-19,0.121867559925,1.03252705881,1.57984406139,-1.08298166074
2002-09-20,0.728507044064,1.01351418596,-0.910006698119,0.244379576419
2002-09-21,1.28384459611,-0.480940460854,1.35591817069,1.60086353686
2002-09-22,-1.19415658732,-0.346537849717,-1.54433318415,1.74041180264
2002-09-23,0.0309071552014,-0.898073313015,0.784257775326,-0.367402097341
2002-09-24,-0.683000028708,2.56303320742,0.498702497692,1.21058112813
2002-09-25,0.00874647202018,-0.20307719521,-0.290393802813,0.648036220695
2002-09-26,0.354917504707,-0.268797602575,-0.369411187816,0.216973688297
